Item Title,Publication Title,Book Series Title,Journal Volume,Journal Issue,Item DOI,Authors,Publication Year,URL,Content Type
PHP Core Security,Building Secure PHP Applications,,,,10.1007/979-8-8688-0932-3_2,Satej Kumar Sahu,2024,https://link.springer.com/chapter/10.1007/979-8-8688-0932-3_2,Chapter
Web Security for PHP Applications,Building Secure PHP Applications,,,,10.1007/979-8-8688-0932-3_3,Satej Kumar Sahu,2024,https://link.springer.com/chapter/10.1007/979-8-8688-0932-3_3,Chapter
Security Standards and Best Practices,Building Secure PHP Applications,,,,10.1007/979-8-8688-0932-3_5,Satej Kumar Sahu,2024,https://link.springer.com/chapter/10.1007/979-8-8688-0932-3_5,Chapter
PHP,Tweak Your Mac Terminal,,,,10.1007/978-1-4842-6171-2_6,Daniel Platt,2021,https://link.springer.com/chapter/10.1007/978-1-4842-6171-2_6,Chapter
Sessions and Cookies,PHP 8 Basics,,,,10.1007/978-1-4842-8082-9_7,Gunnard EngebrethSatej Kumar Sahu,2023,https://link.springer.com/chapter/10.1007/978-1-4842-8082-9_7,Chapter
Sessions and Logging In,An Introduction to PHP,,,,10.1007/979-8-8688-0177-8_10,Mark Simon,2024,https://link.springer.com/chapter/10.1007/979-8-8688-0177-8_10,Chapter
Pages That Remember: Simple Login and Multipage Forms,PHP 8 Solutions,,,,10.1007/978-1-4842-7141-4_11,David Powers,2022,https://link.springer.com/chapter/10.1007/978-1-4842-7141-4_11,Chapter
A Configuration System,An Introduction to PHP,,,,10.1007/979-8-8688-0177-8_11,Mark Simon,2024,https://link.springer.com/chapter/10.1007/979-8-8688-0177-8_11,Chapter
A Content Management System,An Introduction to PHP,,,,10.1007/979-8-8688-0177-8_12,Mark Simon,2024,https://link.springer.com/chapter/10.1007/979-8-8688-0177-8_12,Chapter
Developing a University Twitter-Like Smart Social Network,Intelligent and Fuzzy Techniques for Emerging Conditions and Digital Transformation,,,,10.1007/978-3-030-85626-7_88,Marius Constantin PopescuCalin RadaAntoanela Naaji,2022,https://link.springer.com/chapter/10.1007/978-3-030-85626-7_88,Conference paper
AWD,Handbook for CTFers,,,,10.1007/978-981-19-0336-6_11,,2022,https://link.springer.com/chapter/10.1007/978-981-19-0336-6_11,Chapter
Authenticating Users with a Database,PHP 8 Solutions,,,,10.1007/978-1-4842-7141-4_19,David Powers,2022,https://link.springer.com/chapter/10.1007/978-1-4842-7141-4_19,Chapter
Basic Blog: Images and Authentication,PHP 8 for Absolute Beginners,,,,10.1007/978-1-4842-8205-2_9,Jason LengstorfThomas Blom HansenSteve Prettyman,2022,https://link.springer.com/chapter/10.1007/978-1-4842-8205-2_9,Chapter
Sessions,PHP 8 Quick Scripting Reference,,,,10.1007/978-1-4842-6619-9_25,Mikael Olsson,2021,https://link.springer.com/chapter/10.1007/978-1-4842-6619-9_25,Chapter
Building a Dependency Injection Container,Pro PHP 8 MVC,,,,10.1007/978-1-4842-6957-2_8,Christopher Pitt,2021,https://link.springer.com/chapter/10.1007/978-1-4842-6957-2_8,Chapter
"Config, Cache, Sessions, Filesystems",Pro PHP 8 MVC,,,,10.1007/978-1-4842-6957-2_10,Christopher Pitt,2021,https://link.springer.com/chapter/10.1007/978-1-4842-6957-2_10,Chapter
Testing Our Framework,Pro PHP 8 MVC,,,,10.1007/978-1-4842-6957-2_9,Christopher Pitt,2021,https://link.springer.com/chapter/10.1007/978-1-4842-6957-2_9,Chapter
Authentication,Learn PHP 8,,,,10.1007/978-1-4842-6240-5_8,Steve Prettyman,2020,https://link.springer.com/chapter/10.1007/978-1-4842-6240-5_8,Chapter
Multifunctional Interfaces,Learn PHP 8,,,,10.1007/978-1-4842-6240-5_9,Steve Prettyman,2020,https://link.springer.com/chapter/10.1007/978-1-4842-6240-5_9,Chapter
Building a Validator,Pro PHP 8 MVC,,,,10.1007/978-1-4842-6957-2_5,Christopher Pitt,2021,https://link.springer.com/chapter/10.1007/978-1-4842-6957-2_5,Chapter
Pages That Remember: Simple Login and Multipage Forms,PHP 7 Solutions,,,,10.1007/978-1-4842-4338-1_11,David Powers,2019,https://link.springer.com/chapter/10.1007/978-1-4842-4338-1_11,Chapter
Introducing PHP,Beginning PHP and MySQL,,,,10.1007/978-1-4302-6044-8_1,Frank M. Kromann,2018,https://link.springer.com/chapter/10.1007/978-1-4302-6044-8_1,Chapter
Implementing Secure Sockets Layer on Your Site,Web-Based Projects that Rock the Class,,,,10.1007/978-1-4842-4463-0_8,Christos Karayiannis,2019,https://link.springer.com/chapter/10.1007/978-1-4842-4463-0_8,Chapter
Running Your Site with a Certificate from a Certificate Authority,Web-Based Projects that Rock the Class,,,,10.1007/978-1-4842-4463-0_9,Christos Karayiannis,2019,https://link.springer.com/chapter/10.1007/978-1-4842-4463-0_9,Chapter
Authenticating Users with a Database,PHP 7 Solutions,,,,10.1007/978-1-4842-4338-1_19,David Powers,2019,https://link.springer.com/chapter/10.1007/978-1-4842-4338-1_19,Chapter
Create a Product Catalog,"Practical PHP 7, MySQL 8, and MariaDB Website Databases",,,,10.1007/978-1-4842-3843-1_8,Adrian W. WestSteve Prettyman,2018,https://link.springer.com/chapter/10.1007/978-1-4842-3843-1_8,Chapter
Session Handlers,Beginning PHP and MySQL,,,,10.1007/978-1-4302-6044-8_17,Frank M. Kromann,2018,https://link.springer.com/chapter/10.1007/978-1-4302-6044-8_17,Chapter
Create Login/Logout Functionality for Members and an Administrator,"Practical PHP 7, MySQL 8, and MariaDB Website Databases",,,,10.1007/978-1-4842-3843-1_3,Adrian W. WestSteve Prettyman,2018,https://link.springer.com/chapter/10.1007/978-1-4842-3843-1_3,Chapter
Add the Finishing Touches: Security and Validation,"Practical PHP 7, MySQL 8, and MariaDB Website Databases",,,,10.1007/978-1-4842-3843-1_6,Adrian W. WestSteve Prettyman,2018,https://link.springer.com/chapter/10.1007/978-1-4842-3843-1_6,Chapter
Create a Message Board,"Practical PHP 7, MySQL 8, and MariaDB Website Databases",,,,10.1007/978-1-4842-3843-1_10,Adrian W. WestSteve Prettyman,2018,https://link.springer.com/chapter/10.1007/978-1-4842-3843-1_10,Chapter
Create an Administration Interface,"Practical PHP 7, MySQL 8, and MariaDB Website Databases",,,,10.1007/978-1-4842-3843-1_4,Adrian W. WestSteve Prettyman,2018,https://link.springer.com/chapter/10.1007/978-1-4842-3843-1_4,Chapter
Migrate to a Host and Back Up Your Website Database,"Practical PHP 7, MySQL 8, and MariaDB Website Databases",,,,10.1007/978-1-4842-3843-1_7,Adrian W. WestSteve Prettyman,2018,https://link.springer.com/chapter/10.1007/978-1-4842-3843-1_7,Chapter
Server-Side Scripting Languages,Encyclopedia of Social Network Analysis and Mining,,,,10.1007/978-1-4939-7131-2_363,Ludger Martin,2018,https://link.springer.com/rwe/10.1007/978-1-4939-7131-2_363,Reference work entry
Web Features,PHP 7 Zend Certification Study Guide,,,,10.1007/978-1-4842-3246-0_9,Andrew Beak,2017,https://link.springer.com/chapter/10.1007/978-1-4842-3246-0_9,Chapter
Error Handling,PHP 7 Zend Certification Study Guide,,,,10.1007/978-1-4842-3246-0_11,Andrew Beak,2017,https://link.springer.com/chapter/10.1007/978-1-4842-3246-0_11,Chapter
E-commerce: A Brief Introduction,"Practical PHP 7, MySQL 8, and MariaDB Website Databases",,,,10.1007/978-1-4842-3843-1_11,Adrian W. WestSteve Prettyman,2018,https://link.springer.com/chapter/10.1007/978-1-4842-3843-1_11,Chapter
Server-Side Scripting Languages,Encyclopedia of Social Network Analysis and Mining,,,,10.1007/978-1-4614-7163-9_363-1,Ludger Martin,2017,https://link.springer.com/rwe/10.1007/978-1-4614-7163-9_363-1,Living reference work entry
Security,PHP 7 Zend Certification Study Guide,,,,10.1007/978-1-4842-3246-0_6,Andrew Beak,2017,https://link.springer.com/chapter/10.1007/978-1-4842-3246-0_6,Chapter
Web Fundamentals,PHP and MySQL Recipes,,,,10.1007/978-1-4842-0605-8_12,Frank M. Kromann,2016,https://link.springer.com/chapter/10.1007/978-1-4842-0605-8_12,Chapter
Authentication,Learn PHP 7,,,,10.1007/978-1-4842-1730-6_7,Steve Prettyman,2016,https://link.springer.com/chapter/10.1007/978-1-4842-1730-6_7,Chapter
Sessions,PHP 7 Quick Scripting Reference,,,,10.1007/978-1-4842-1922-5_25,Mikael Olsson,2016,https://link.springer.com/chapter/10.1007/978-1-4842-1922-5_25,Chapter
Accessing the Database Using PHP,Make an E-commerce Site in a Weekend,,,,10.1007/978-1-4842-1672-9_3,Bintu Harwani,2015,https://link.springer.com/chapter/10.1007/978-1-4842-1672-9_3,Chapter
Password Protecting Sensitive Actions and Areas,Pro PHP and jQuery,,,,10.1007/978-1-4842-1230-1_6,Jason LengstorfKeith Wald,2016,https://link.springer.com/chapter/10.1007/978-1-4842-1230-1_6,Chapter
Multifunctional Interfaces,Learn PHP 7,,,,10.1007/978-1-4842-1730-6_8,Steve Prettyman,2016,https://link.springer.com/chapter/10.1007/978-1-4842-1730-6_8,Chapter
"Add Controls to Create, Edit, and Delete Events",Pro PHP and jQuery,,,,10.1007/978-1-4842-1230-1_5,Jason LengstorfKeith Wald,2016,https://link.springer.com/chapter/10.1007/978-1-4842-1230-1_5,Chapter
Editing the Calendar with AJAX and jQuery,Pro PHP and jQuery,,,,10.1007/978-1-4842-1230-1_8,Jason LengstorfKeith Wald,2016,https://link.springer.com/chapter/10.1007/978-1-4842-1230-1_8,Chapter
Passing Variables to a PHP Script II,Web Programming with PHP and MySQL,,,,10.1007/978-3-319-22659-0_10,Max Bramer,2015,https://link.springer.com/chapter/10.1007/978-3-319-22659-0_10,Chapter
Enhancing the User Interface with jQuery,Pro PHP and jQuery,,,,10.1007/978-1-4842-1230-1_7,Jason LengstorfKeith Wald,2016,https://link.springer.com/chapter/10.1007/978-1-4842-1230-1_7,Chapter
Managing the Shopping Cart,Make an E-commerce Site in a Weekend,,,,10.1007/978-1-4842-1672-9_4,Bintu Harwani,2015,https://link.springer.com/chapter/10.1007/978-1-4842-1672-9_4,Chapter
Appendices,Web Programming with PHP and MySQL,,,,10.1007/978-3-319-22659-0_19,Max Bramer,2015,https://link.springer.com/chapter/10.1007/978-3-319-22659-0_19,Chapter
ASP.NET State Management Techniques,C# 6.0 and the .NET 4.6 Framework,,,,10.1007/978-1-4842-1332-2_33,Andrew TroelsenPhilip Japikse,2015,https://link.springer.com/chapter/10.1007/978-1-4842-1332-2_33,Chapter
Pages That Remember: Simple Login and Multipage Forms,PHP Solutions,,,,10.1007/978-1-4842-0635-5_9,David Powers,2014,https://link.springer.com/chapter/10.1007/978-1-4842-0635-5_9,Chapter
Server-Side Scripting Languages,Encyclopedia of Social Network Analysis and Mining,,,,10.1007/978-1-4614-6170-8_363,Ludger Martin,2014,https://link.springer.com/rwe/10.1007/978-1-4614-6170-8_363,Reference work entry
Password Protection,PHP for Absolute Beginners,,,,10.1007/978-1-4302-6814-7_12,Thomas Blom HansenJason Lengstorf,2014,https://link.springer.com/chapter/10.1007/978-1-4302-6814-7_12,Chapter
Authenticating Users with a Database,PHP Solutions,,,,10.1007/978-1-4842-0635-5_17,David Powers,2014,https://link.springer.com/chapter/10.1007/978-1-4842-0635-5_17,Chapter
Appendix,Practical PHP and MySQL Web Site Databases,,,,10.1007/978-1-4302-6077-6_13,Adrian W. West,2013,https://link.springer.com/chapter/10.1007/978-1-4302-6077-6_13,Chapter
The Finishing Touches,Practical PHP and MySQL Web Site Databases,,,,10.1007/978-1-4302-6077-6_6,Adrian W. West,2013,https://link.springer.com/chapter/10.1007/978-1-4302-6077-6_6,Chapter
Display Membership Tables for the Administrator,Practical PHP and MySQL Web Site Databases,,,,10.1007/978-1-4302-6077-6_4,Adrian W. West,2013,https://link.springer.com/chapter/10.1007/978-1-4302-6077-6_4,Chapter
Login/Logout for Members and an Administrator,Practical PHP and MySQL Web Site Databases,,,,10.1007/978-1-4302-6077-6_3,Adrian W. West,2013,https://link.springer.com/chapter/10.1007/978-1-4302-6077-6_3,Chapter
Enterprise Patterns,"PHP Objects, Patterns, and Practice",,,,10.1007/978-1-4302-6032-5_12,Matt Zandstra,2013,https://link.springer.com/chapter/10.1007/978-1-4302-6032-5_12,Chapter
Creating a Message Board,Practical PHP and MySQL Web Site Databases,,,,10.1007/978-1-4302-6077-6_10,Adrian W. West,2013,https://link.springer.com/chapter/10.1007/978-1-4302-6077-6_10,Chapter
Register Addresses and Phone Numbers,Practical PHP and MySQL Web Site Databases,,,,10.1007/978-1-4302-6077-6_5,Adrian W. West,2013,https://link.springer.com/chapter/10.1007/978-1-4302-6077-6_5,Chapter
Sessions,PHP Quick Scripting Reference,,,,10.1007/978-1-4302-6284-8_25,Mikael Olsson,2013,https://link.springer.com/chapter/10.1007/978-1-4302-6284-8_25,Chapter
"Security, Forms, and Error Handling",Expert PHP and MySQL,,,,10.1007/978-1-4302-6008-0_6,Marc Rochkind,2013,https://link.springer.com/chapter/10.1007/978-1-4302-6008-0_6,Chapter
Building the Back End: Part 1,Realtime Web Apps,,,,10.1007/978-1-4302-4621-3_8,Jason LengstorfPhil Leggetter,2013,https://link.springer.com/chapter/10.1007/978-1-4302-4621-3_8,Chapter
E-Commerce: A Brief Introduction,Practical PHP and MySQL Web Site Databases,,,,10.1007/978-1-4302-6077-6_11,Adrian W. West,2013,https://link.springer.com/chapter/10.1007/978-1-4302-6077-6_11,Chapter
Implementing Realtime Events and jQuery Effects,Realtime Web Apps,,,,10.1007/978-1-4302-4621-3_10,Jason LengstorfPhil Leggetter,2013,https://link.springer.com/chapter/10.1007/978-1-4302-4621-3_10,Chapter
Migrating to a Host and Backing Up Your Web Site Database,Practical PHP and MySQL Web Site Databases,,,,10.1007/978-1-4302-6077-6_7,Adrian W. West,2013,https://link.springer.com/chapter/10.1007/978-1-4302-6077-6_7,Chapter
Application Structure,Expert PHP and MySQL,,,,10.1007/978-1-4302-6008-0_5,Marc Rochkind,2013,https://link.springer.com/chapter/10.1007/978-1-4302-6008-0_5,Chapter
Developing Research of Enterprise Portal Basing on Open Source Technology,Software Engineering and Knowledge Engineering: Theory and Practice,,,,10.1007/978-3-642-03718-4_8,Wenrong JiangShiwei Lin,2012,https://link.springer.com/chapter/10.1007/978-3-642-03718-4_8,Conference paper
Registration and Login,Pro PHP MVC,,,,10.1007/978-1-4302-4165-2_14,Chris Pitt,2012,https://link.springer.com/chapter/10.1007/978-1-4302-4165-2_14,Chapter
Security,Pro PHP Programming,,,,10.1007/978-1-4302-3561-3_11,Peter MacIntyreBrian DanchillaMladen Gogala,2011,https://link.springer.com/chapter/10.1007/978-1-4302-3561-3_11,Chapter
Social Media,Pro PHP Programming,,,,10.1007/978-1-4302-3561-3_4,Peter MacIntyreBrian DanchillaMladen Gogala,2011,https://link.springer.com/chapter/10.1007/978-1-4302-3561-3_4,Chapter
Passing Information with PHP,PHP for Absolute Beginners,,,,10.1007/978-1-4302-2474-7_3,Jason Lengstorf,2010,https://link.springer.com/chapter/10.1007/978-1-4302-2474-7_3,Chapter
SessionShield: Lightweight Protection against Session Hijacking,Engineering Secure Software and Systems,,,,10.1007/978-3-642-19125-1_7,Nick NikiforakisWannes MeertYves YounanMartin JohnsWouter Joosen,2011,https://link.springer.com/chapter/10.1007/978-3-642-19125-1_7,Conference paper
Preventing Session Hijacking,Pro PHP Security,,,,10.1007/978-1-4302-3319-0_7,Chris SnyderThomas MyerMichael Southwell,2010,https://link.springer.com/chapter/10.1007/978-1-4302-3319-0_7,Chapter
Pages That Remember: Simple Login and Multipage Forms,PHP Solutions,,,,10.1007/978-1-4302-3250-6_9,David Powers,2010,https://link.springer.com/chapter/10.1007/978-1-4302-3250-6_9,Chapter
Enterprise Patterns,"PHP Objects, Patterns, and Practice",,,,10.1007/978-1-4302-2926-1_12,Matt Zandstra,2010,https://link.springer.com/chapter/10.1007/978-1-4302-2926-1_12,Chapter
Session Handlers,Beginning PHP and MySQL,,,,10.1007/978-1-4302-3115-8_18,,2010,https://link.springer.com/chapter/10.1007/978-1-4302-3115-8_18,Chapter
Preventing Data Loss,Pro PHP Security,,,,10.1007/978-1-4302-3319-0_11,Chris SnyderThomas MyerMichael Southwell,2010,https://link.springer.com/chapter/10.1007/978-1-4302-3319-0_11,Chapter
Adding Password Protection to Administrative Links,PHP for Absolute Beginners,,,,10.1007/978-1-4302-2474-7_11,Jason Lengstorf,2010,https://link.springer.com/chapter/10.1007/978-1-4302-2474-7_11,Chapter
Password Protecting Sensitive Actions and Areas,Pro PHP and jQuery,,,,10.1007/978-1-4302-2848-6_6,Jason Lengstorf,2010,https://link.springer.com/chapter/10.1007/978-1-4302-2848-6_6,Chapter
"Add Controls to Create, Edit, and Delete Events",Pro PHP and jQuery,,,,10.1007/978-1-4302-2848-6_5,Jason Lengstorf,2010,https://link.springer.com/chapter/10.1007/978-1-4302-2848-6_5,Chapter
Editing the Calendar with AJAX and jQuery,Pro PHP and jQuery,,,,10.1007/978-1-4302-2848-6_8,Jason Lengstorf,2010,https://link.springer.com/chapter/10.1007/978-1-4302-2848-6_8,Chapter
Using CAPTCHAs,Pro PHP Security,,,,10.1007/978-1-4302-3319-0_9,Chris SnyderThomas MyerMichael Southwell,2010,https://link.springer.com/chapter/10.1007/978-1-4302-3319-0_9,Chapter
Enhancing the User Interface with jQuery,Pro PHP and jQuery,,,,10.1007/978-1-4302-2848-6_7,Jason Lengstorf,2010,https://link.springer.com/chapter/10.1007/978-1-4302-2848-6_7,Chapter
ASP.NET State Management Techniques,Pro C# 2010 and the .NET 4 Platform,,,,10.1007/978-1-4302-2550-8_34,Andrew Troelsen,2010,https://link.springer.com/chapter/10.1007/978-1-4302-2550-8_34,Chapter
Authenticating Users with a Database,PHP Solutions,,,,10.1007/978-1-4302-3250-6_17,David Powers,2010,https://link.springer.com/chapter/10.1007/978-1-4302-3250-6_17,Chapter
ASP.NET State Management Techniques,Pro VB 2010 and the .NET 4 Platform,,,,10.1007/978-1-4302-2986-5_34,,2010,https://link.springer.com/chapter/10.1007/978-1-4302-2986-5_34,Chapter
"User Authentication, Authorization, and Logging",Pro PHP Security,,,,10.1007/978-1-4302-3319-0_10,Chris SnyderThomas MyerMichael Southwell,2010,https://link.springer.com/chapter/10.1007/978-1-4302-3319-0_10,Chapter
Validating Database Input and User Authentication,"The Essential Guide to Dreamweaver CS4 with CSS, Ajax, and PHP",,,,10.1007/978-1-4302-1611-7_15,,2009,https://link.springer.com/chapter/10.1007/978-1-4302-1611-7_15,Chapter
"Handling Checkbox Groups, Searches, and Dates","The Essential Guide to Dreamweaver CS4 with CSS, Ajax, and PHP",,,,10.1007/978-1-4302-1611-7_17,,2009,https://link.springer.com/chapter/10.1007/978-1-4302-1611-7_17,Chapter
Transactions,Beginning PHP and MySQL,,,,10.1007/978-1-4302-0299-8_37,,2008,https://link.springer.com/chapter/10.1007/978-1-4302-0299-8_37,Chapter
Enterprise Patterns,"PHP Objects, Patterns, and Practice",,,,10.1007/978-1-4302-0467-1_12,,2008,https://link.springer.com/chapter/10.1007/978-1-4302-0467-1_12,Chapter
Session Handlers,Beginning PHP and MySQL,,,,10.1007/978-1-4302-0299-8_18,,2008,https://link.springer.com/chapter/10.1007/978-1-4302-0299-8_18,Chapter
Building a Versatile Remote File Connector,PHP Object-Oriented Solutions,,,,10.1007/978-1-4302-1012-2_5,,2008,https://link.springer.com/chapter/10.1007/978-1-4302-1012-2_5,Chapter
Advanced Web Services,Pro PHP,,,,10.1007/978-1-4302-0279-0_20,,2008,https://link.springer.com/chapter/10.1007/978-1-4302-0279-0_20,Chapter
Processing Credit Card Transactions,Beginning PHP and MySQL E-Commerce,,,,10.1007/978-1-4302-0291-2_20,,2008,https://link.springer.com/chapter/10.1007/978-1-4302-0291-2_20,Chapter
Advanced Zend Framework,Pro PHP,,,,10.1007/978-1-4302-0279-0_16,,2008,https://link.springer.com/chapter/10.1007/978-1-4302-0279-0_16,Chapter
ASP.NET State Management Techniques,Pro VB 2008 and the .NET 3.5 Platform,,,,10.1007/978-1-4302-0200-4_35,,2008,https://link.springer.com/chapter/10.1007/978-1-4302-0200-4_35,Chapter
Search Engine Optimization,Beginning PHP and MySQL E-Commerce,,,,10.1007/978-1-4302-0291-2_7,,2008,https://link.springer.com/chapter/10.1007/978-1-4302-0291-2_7,Chapter
Catalog Administration: Departments and Categories,Beginning PHP and MySQL E-Commerce,,,,10.1007/978-1-4302-0291-2_10,,2008,https://link.springer.com/chapter/10.1007/978-1-4302-0291-2_10,Chapter
Creating the Product Catalog: Part 2,Beginning PHP and MySQL E-Commerce,,,,10.1007/978-1-4302-0291-2_5,,2008,https://link.springer.com/chapter/10.1007/978-1-4302-0291-2_5,Chapter
Sessions,Pro Drupal Development,,,,10.1007/978-1-4302-0190-8_16,,2007,https://link.springer.com/chapter/10.1007/978-1-4302-0190-8_16,Chapter
Session Handlers,Beginning PHP and Oracle,,,,10.1007/978-1-4302-0367-4_18,,2007,https://link.springer.com/chapter/10.1007/978-1-4302-0367-4_18,Chapter
Controlling Access to Your Site,"The Essential Guide to Dreamweaver CS3 with CSS, Ajax, and PHP",,,,10.1007/978-1-4302-0288-2_15,,2007,https://link.springer.com/chapter/10.1007/978-1-4302-0288-2_15,Chapter
ASP.NET 2.0 Web Applications,Pro C# with .NET 3.0,,,,10.1007/978-1-4302-0201-1_24,,2007,https://link.springer.com/chapter/10.1007/978-1-4302-0201-1_24,Chapter
ASP.NET State Management Techniques,Pro C# 2008 and the .NET 3.5 Platform,,,,10.1007/978-1-4302-0422-0_33,Andrew Troelsen,2007,https://link.springer.com/chapter/10.1007/978-1-4302-0422-0_33,Chapter
Security,Beginning Ajax with PHP,,,,10.1007/978-1-4302-0253-0_12,,2007,https://link.springer.com/chapter/10.1007/978-1-4302-0253-0_12,Chapter
Vulnerability Analysis of Web-based Applications,Test and Analysis of Web Services,,,,10.1007/978-3-540-72912-9_13,Marco CovaViktoria FelmetsgerGiovanni Vigna,2007,https://link.springer.com/chapter/10.1007/978-3-540-72912-9_13,Chapter
Unstoppable Stateful PHP Web Services,Web Information Systems – WISE 2006,,,,10.1007/11912873_16,German ShegalovGerhard WeikumKlaus Berberich,2006,https://link.springer.com/chapter/10.1007/11912873_16,Conference paper
Pages that Remember: Simple Login and Multipage Forms,PHP Solutions: Dynamic Web Design Made Easy,,,,10.1007/978-1-4302-0275-2_9,,2006,https://link.springer.com/chapter/10.1007/978-1-4302-0275-2_9,Chapter
Transactions,Beginning PHP and MySQL 5,,,,10.1007/978-1-4302-0117-5_36,,2006,https://link.springer.com/chapter/10.1007/978-1-4302-0117-5_36,Chapter
Transactions,Beginning PHP and PostgreSQL 8,,,,10.1007/978-1-4302-0136-6_36,,2006,https://link.springer.com/chapter/10.1007/978-1-4302-0136-6_36,Chapter
Session Handlers,Beginning PHP and MySQL 5,,,,10.1007/978-1-4302-0117-5_18,,2006,https://link.springer.com/chapter/10.1007/978-1-4302-0117-5_18,Chapter
Session Handlers,Beginning PHP and PostgreSQL 8,,,,10.1007/978-1-4302-0136-6_18,,2006,https://link.springer.com/chapter/10.1007/978-1-4302-0136-6_18,Chapter
Using Sessions to Track Visitors and Restrict Access,Foundation PHP For Dreamweaver 8,,,,10.1007/978-1-4302-0101-4_10,,2006,https://link.springer.com/chapter/10.1007/978-1-4302-0101-4_10,Chapter
Keeping Intruders at Bay,PHP Solutions: Dynamic Web Design Made Easy,,,,10.1007/978-1-4302-0275-2_15,,2006,https://link.springer.com/chapter/10.1007/978-1-4302-0275-2_15,Chapter
ASP.NET 2.0 State Management Techniques,Pro VB 2005 and the .NET 2.0 Platform,,,,10.1007/978-1-4302-0160-1_27,,2006,https://link.springer.com/chapter/10.1007/978-1-4302-0160-1_27,Chapter
Protecting Your Data with Sessions,Foundation PHP 5 for Flash,,,,10.1007/978-1-4302-0013-0_9,,2005,https://link.springer.com/chapter/10.1007/978-1-4302-0013-0_9,Chapter
Understanding Web Basics,PHP 5 Recipes,,,,10.1007/978-1-4302-0070-3_12,,2005,https://link.springer.com/chapter/10.1007/978-1-4302-0070-3_12,Chapter
Working with Variables,PHP 5 Recipes,,,,10.1007/978-1-4302-0070-3_10,,2005,https://link.springer.com/chapter/10.1007/978-1-4302-0070-3_10,Chapter
Keeping Control with a Content Management System,Foundation PHP 5 for Flash,,,,10.1007/978-1-4302-0013-0_10,,2005,https://link.springer.com/chapter/10.1007/978-1-4302-0013-0_10,Chapter
ASP.NET 2.0 Web Applications,Pro C# 2005 and the .NET 2.0 Platform,,,,10.1007/978-1-4302-0060-4_24,,2005,https://link.springer.com/chapter/10.1007/978-1-4302-0060-4_24,Chapter
Verifying Your Users’ Identities,Pro PHP Security,,,,10.1007/978-1-4302-0057-4_18,,2005,https://link.springer.com/chapter/10.1007/978-1-4302-0057-4_18,Chapter
Creating and Using Forms,PHP 5 Recipes,,,,10.1007/978-1-4302-0070-3_13,,2005,https://link.springer.com/chapter/10.1007/978-1-4302-0070-3_13,Chapter
PHP: Discussion Forum,The Definitive Guide to MySQL,,,,10.1007/978-1-4302-0669-9_13,Michael Kofler,2004,https://link.springer.com/chapter/10.1007/978-1-4302-0669-9_13,Chapter
PHP (Sessions and Databases),The Handbook of Data Communications and Networks,,,,10.1007/978-1-4020-7870-5_94,W. J. Buchanan,2004,https://link.springer.com/chapter/10.1007/978-1-4020-7870-5_94,Chapter
Session Management,PHP and MySQL Manual,,,,10.1007/978-0-85729-404-3_23,Simon StobartMike Vassileiou,2004,https://link.springer.com/chapter/10.1007/978-0-85729-404-3_23,Chapter
Enterprise Patterns,"PHP 5 Objects, Patterns, and Practice",,,,10.1007/978-1-4302-0403-9_12,Matt Zandstra,2004,https://link.springer.com/chapter/10.1007/978-1-4302-0403-9_12,Chapter
Case Study: Roundtree Garden Club,PHP Web Development with Macromedia Dreamweaver MX 2004,,,,10.1007/978-1-4302-0701-6_9,Allan KentDavid PowersRachel Andrew,2004,https://link.springer.com/chapter/10.1007/978-1-4302-0701-6_9,Chapter
Top PHP Questions,Dreamweaver Developer’s Instant Troubleshooter,,,,10.1007/978-1-4302-0806-8_12,Gareth Downes-Powell,2003,https://link.springer.com/chapter/10.1007/978-1-4302-0806-8_12,Chapter
Sessions and Cookies,Professional PHP4,,,,10.1007/978-1-4302-1120-4_9,Luis ArgerichWankyu ChoiJohn CoggeshallKen EgervariMartin GeislerZak GreantAndrew HillChris HubbardJames MooreDevon O’DellJon PariseHarish RawatTarique SaniChristopher ScolloDeepak ThomasChris Ullman,2003,https://link.springer.com/chapter/10.1007/978-1-4302-1120-4_9,Chapter
A WAP Case Study,Professional PHP4,,,,10.1007/978-1-4302-1120-4_17,Luis ArgerichWankyu ChoiJohn CoggeshallKen EgervariMartin GeislerZak GreantAndrew HillChris HubbardJames MooreDevon O’DellJon PariseHarish RawatTarique SaniChristopher ScolloDeepak ThomasChris Ullman,2003,https://link.springer.com/chapter/10.1007/978-1-4302-1120-4_17,Chapter
ASP.NET Web Applications,C# and the .NET Platform,,,,10.1007/978-1-4302-0667-5_19,Andrew Troelsen,2003,https://link.springer.com/chapter/10.1007/978-1-4302-0667-5_19,Chapter
Sessions,Advanced PHP for Flash,,,,10.1007/978-1-4302-5205-4_3,Steve WebsterMatt RiceKev SutherlandJacob HansonJames PalmerTodd MarksHåvard Eide,2002,https://link.springer.com/chapter/10.1007/978-1-4302-5205-4_3,Chapter
Secure Login and Registration,Foundation Dreamweaver MX,,,,10.1007/978-1-4302-5213-9_13,Craig GrannellTodd MarksGeorge McLachlanMatt StephensJerome Turner,2002,https://link.springer.com/chapter/10.1007/978-1-4302-5213-9_13,Chapter
Cookies and Session Tracking,A Programmer’s Introduction to PHP 4.0,,,,10.1007/978-1-4302-0856-3_13,W. J. Gilmore,2001,https://link.springer.com/chapter/10.1007/978-1-4302-0856-3_13,Chapter