Item Title,Publication Title,Book Series Title,Journal Volume,Journal Issue,Item DOI,Authors,Publication Year,URL,Content Type
PHP Core Security,Building Secure PHP Applications,,,,10.1007/979-8-8688-0932-3_2,Satej Kumar Sahu,2024,https://link.springer.com/chapter/10.1007/979-8-8688-0932-3_2,Chapter
Web Security for PHP Applications,Building Secure PHP Applications,,,,10.1007/979-8-8688-0932-3_3,Satej Kumar Sahu,2024,https://link.springer.com/chapter/10.1007/979-8-8688-0932-3_3,Chapter
Working with PHP,An Introduction to PHP,,,,10.1007/979-8-8688-0177-8_2,Mark Simon,2024,https://link.springer.com/chapter/10.1007/979-8-8688-0177-8_2,Chapter
How to Write PHP Scripts,PHP 8 Solutions,,,,10.1007/978-1-4842-7141-4_3,David Powers,2022,https://link.springer.com/chapter/10.1007/978-1-4842-7141-4_3,Chapter
PHP,Tweak Your Mac Terminal,,,,10.1007/978-1-4842-6171-2_6,Daniel Platt,2021,https://link.springer.com/chapter/10.1007/978-1-4842-6171-2_6,Chapter
Sessions and Cookies,PHP 8 Basics,,,,10.1007/978-1-4842-8082-9_7,Gunnard EngebrethSatej Kumar Sahu,2023,https://link.springer.com/chapter/10.1007/978-1-4842-8082-9_7,Chapter
Sessions and Logging In,An Introduction to PHP,,,,10.1007/979-8-8688-0177-8_10,Mark Simon,2024,https://link.springer.com/chapter/10.1007/979-8-8688-0177-8_10,Chapter
APIs and Events in a Serverless World,Crafting Great APIs with Domain-Driven Design,,,,10.1007/979-8-8688-1457-0_13,Annegret JunkerFabrizio Lazzaretti,2025,https://link.springer.com/chapter/10.1007/979-8-8688-1457-0_13,Chapter
Security Standards and Best Practices,Building Secure PHP Applications,,,,10.1007/979-8-8688-0932-3_5,Satej Kumar Sahu,2024,https://link.springer.com/chapter/10.1007/979-8-8688-0932-3_5,Chapter
Pages That Remember: Simple Login and Multipage Forms,PHP 8 Solutions,,,,10.1007/978-1-4842-7141-4_11,David Powers,2022,https://link.springer.com/chapter/10.1007/978-1-4842-7141-4_11,Chapter
Preventing SQL Injection Attacks on Web Applications for Enhanced Security and CIA Triad Compliance,Advances in Information Communication Technology and Computing,,,,10.1007/978-981-97-6103-6_8,Sriramoju RahulU. KumaranThippaluru Tharun SaiTripuramallu PramodhSundaravadivazhagn Balasubramanian,2024,https://link.springer.com/chapter/10.1007/978-981-97-6103-6_8,Conference paper
A Content Management System,An Introduction to PHP,,,,10.1007/979-8-8688-0177-8_12,Mark Simon,2024,https://link.springer.com/chapter/10.1007/979-8-8688-0177-8_12,Chapter
Authenticating Users with a Database,PHP 8 Solutions,,,,10.1007/978-1-4842-7141-4_19,David Powers,2022,https://link.springer.com/chapter/10.1007/978-1-4842-7141-4_19,Chapter
Basic Blog: Images and Authentication,PHP 8 for Absolute Beginners,,,,10.1007/978-1-4842-8205-2_9,Jason LengstorfThomas Blom HansenSteve Prettyman,2022,https://link.springer.com/chapter/10.1007/978-1-4842-8205-2_9,Chapter
Recent Techniques Supporting Vulnerabilities Management for Secure Online Apps,Advances in Cybersecurity Management,,,,10.1007/978-3-030-71381-2_12,Tun Myat AungNi Ni Hla,2021,https://link.springer.com/chapter/10.1007/978-3-030-71381-2_12,Chapter
User Input,PHP 8 Quick Scripting Reference,,,,10.1007/978-1-4842-6619-9_23,Mikael Olsson,2021,https://link.springer.com/chapter/10.1007/978-1-4842-6619-9_23,Chapter
Testing Our Framework,Pro PHP 8 MVC,,,,10.1007/978-1-4842-6957-2_9,Christopher Pitt,2021,https://link.springer.com/chapter/10.1007/978-1-4842-6957-2_9,Chapter
Building a Validator,Pro PHP 8 MVC,,,,10.1007/978-1-4842-6957-2_5,Christopher Pitt,2021,https://link.springer.com/chapter/10.1007/978-1-4842-6957-2_5,Chapter
How to Write PHP Scripts,PHP 7 Solutions,,,,10.1007/978-1-4842-4338-1_3,David Powers,2019,https://link.springer.com/chapter/10.1007/978-1-4842-4338-1_3,Chapter
"Queues, Logging, Emails",Pro PHP 8 MVC,,,,10.1007/978-1-4842-6957-2_11,Christopher Pitt,2021,https://link.springer.com/chapter/10.1007/978-1-4842-6957-2_11,Chapter
Authentication,Learn PHP 8,,,,10.1007/978-1-4842-6240-5_8,Steve Prettyman,2020,https://link.springer.com/chapter/10.1007/978-1-4842-6240-5_8,Chapter
Multifunctional Interfaces,Learn PHP 8,,,,10.1007/978-1-4842-6240-5_9,Steve Prettyman,2020,https://link.springer.com/chapter/10.1007/978-1-4842-6240-5_9,Chapter
Pages That Remember: Simple Login and Multipage Forms,PHP 7 Solutions,,,,10.1007/978-1-4842-4338-1_11,David Powers,2019,https://link.springer.com/chapter/10.1007/978-1-4842-4338-1_11,Chapter
Authenticating Users with a Database,PHP 7 Solutions,,,,10.1007/978-1-4842-4338-1_19,David Powers,2019,https://link.springer.com/chapter/10.1007/978-1-4842-4338-1_19,Chapter
Running Your Site with a Certificate from a Certificate Authority,Web-Based Projects that Rock the Class,,,,10.1007/978-1-4842-4463-0_9,Christos Karayiannis,2019,https://link.springer.com/chapter/10.1007/978-1-4842-4463-0_9,Chapter
Create a Product Catalog,"Practical PHP 7, MySQL 8, and MariaDB Website Databases",,,,10.1007/978-1-4842-3843-1_8,Adrian W. WestSteve Prettyman,2018,https://link.springer.com/chapter/10.1007/978-1-4842-3843-1_8,Chapter
PHP Basics,PHP 7 Zend Certification Study Guide,,,,10.1007/978-1-4842-3246-0_1,Andrew Beak,2017,https://link.springer.com/chapter/10.1007/978-1-4842-3246-0_1,Chapter
Add the Finishing Touches: Security and Validation,"Practical PHP 7, MySQL 8, and MariaDB Website Databases",,,,10.1007/978-1-4842-3843-1_6,Adrian W. WestSteve Prettyman,2018,https://link.springer.com/chapter/10.1007/978-1-4842-3843-1_6,Chapter
E-commerce: A Brief Introduction,"Practical PHP 7, MySQL 8, and MariaDB Website Databases",,,,10.1007/978-1-4842-3843-1_11,Adrian W. WestSteve Prettyman,2018,https://link.springer.com/chapter/10.1007/978-1-4842-3843-1_11,Chapter
Create Login/Logout Functionality for Members and an Administrator,"Practical PHP 7, MySQL 8, and MariaDB Website Databases",,,,10.1007/978-1-4842-3843-1_3,Adrian W. WestSteve Prettyman,2018,https://link.springer.com/chapter/10.1007/978-1-4842-3843-1_3,Chapter
Create a Message Board,"Practical PHP 7, MySQL 8, and MariaDB Website Databases",,,,10.1007/978-1-4842-3843-1_10,Adrian W. WestSteve Prettyman,2018,https://link.springer.com/chapter/10.1007/978-1-4842-3843-1_10,Chapter
Session Handlers,Beginning PHP and MySQL,,,,10.1007/978-1-4302-6044-8_17,Frank M. Kromann,2018,https://link.springer.com/chapter/10.1007/978-1-4302-6044-8_17,Chapter
Migrate to a Host and Back Up Your Website Database,"Practical PHP 7, MySQL 8, and MariaDB Website Databases",,,,10.1007/978-1-4842-3843-1_7,Adrian W. WestSteve Prettyman,2018,https://link.springer.com/chapter/10.1007/978-1-4842-3843-1_7,Chapter
Create an Administration Interface,"Practical PHP 7, MySQL 8, and MariaDB Website Databases",,,,10.1007/978-1-4842-3843-1_4,Adrian W. WestSteve Prettyman,2018,https://link.springer.com/chapter/10.1007/978-1-4842-3843-1_4,Chapter
Server-Side Scripting Languages,Encyclopedia of Social Network Analysis and Mining,,,,10.1007/978-1-4939-7131-2_363,Ludger Martin,2018,https://link.springer.com/rwe/10.1007/978-1-4939-7131-2_363,Reference work entry
Sharing Learning Objects Between Learning Platforms and Repositories,Computational Science and Its Applications – ICCSA 2018,,,,10.1007/978-3-319-95171-3_62,Sergio TassoSimonetta PallottelliOsvaldo GervasiMarina RuiAntonio Laganà,2018,https://link.springer.com/chapter/10.1007/978-3-319-95171-3_62,Conference paper
Web Features,PHP 7 Zend Certification Study Guide,,,,10.1007/978-1-4842-3246-0_9,Andrew Beak,2017,https://link.springer.com/chapter/10.1007/978-1-4842-3246-0_9,Chapter
Functional Programming: Key Concepts,Pro Functional PHP Programming,,,,10.1007/978-1-4842-2958-3_2,Rob Aley,2017,https://link.springer.com/chapter/10.1007/978-1-4842-2958-3_2,Chapter
Server-Side Scripting Languages,Encyclopedia of Social Network Analysis and Mining,,,,10.1007/978-1-4614-7163-9_363-1,Ludger Martin,2017,https://link.springer.com/rwe/10.1007/978-1-4614-7163-9_363-1,Living reference work entry
User Input,PHP 7 Quick Scripting Reference,,,,10.1007/978-1-4842-1922-5_23,Mikael Olsson,2016,https://link.springer.com/chapter/10.1007/978-1-4842-1922-5_23,Chapter
Web Fundamentals,PHP and MySQL Recipes,,,,10.1007/978-1-4842-0605-8_12,Frank M. Kromann,2016,https://link.springer.com/chapter/10.1007/978-1-4842-0605-8_12,Chapter
Authentication,Learn PHP 7,,,,10.1007/978-1-4842-1730-6_7,Steve Prettyman,2016,https://link.springer.com/chapter/10.1007/978-1-4842-1730-6_7,Chapter
Multifunctional Interfaces,Learn PHP 7,,,,10.1007/978-1-4842-1730-6_8,Steve Prettyman,2016,https://link.springer.com/chapter/10.1007/978-1-4842-1730-6_8,Chapter
Password Protecting Sensitive Actions and Areas,Pro PHP and jQuery,,,,10.1007/978-1-4842-1230-1_6,Jason LengstorfKeith Wald,2016,https://link.springer.com/chapter/10.1007/978-1-4842-1230-1_6,Chapter
"Add Controls to Create, Edit, and Delete Events",Pro PHP and jQuery,,,,10.1007/978-1-4842-1230-1_5,Jason LengstorfKeith Wald,2016,https://link.springer.com/chapter/10.1007/978-1-4842-1230-1_5,Chapter
Accessing the Database Using PHP,Make an E-commerce Site in a Weekend,,,,10.1007/978-1-4842-1672-9_3,Bintu Harwani,2015,https://link.springer.com/chapter/10.1007/978-1-4842-1672-9_3,Chapter
"Authentication, Access Control, and Safe File Handling",Securing PHP Apps,,,,10.1007/978-1-4842-2120-4_4,Ben Edmunds,2016,https://link.springer.com/chapter/10.1007/978-1-4842-2120-4_4,Chapter
Passing Variables to a PHP Script II,Web Programming with PHP and MySQL,,,,10.1007/978-3-319-22659-0_10,Max Bramer,2015,https://link.springer.com/chapter/10.1007/978-3-319-22659-0_10,Chapter
Managing the Shopping Cart,Make an E-commerce Site in a Weekend,,,,10.1007/978-1-4842-1672-9_4,Bintu Harwani,2015,https://link.springer.com/chapter/10.1007/978-1-4842-1672-9_4,Chapter
Neo4j + PHP,Practical Neo4j,,,,10.1007/978-1-4842-0022-3_8,Gregory Jordan,2014,https://link.springer.com/chapter/10.1007/978-1-4842-0022-3_8,Chapter
Appendices,Web Programming with PHP and MySQL,,,,10.1007/978-3-319-22659-0_19,Max Bramer,2015,https://link.springer.com/chapter/10.1007/978-3-319-22659-0_19,Chapter
How to Write PHP Scripts,PHP Solutions,,,,10.1007/978-1-4842-0635-5_3,David Powers,2014,https://link.springer.com/chapter/10.1007/978-1-4842-0635-5_3,Chapter
Pages That Remember: Simple Login and Multipage Forms,PHP Solutions,,,,10.1007/978-1-4842-0635-5_9,David Powers,2014,https://link.springer.com/chapter/10.1007/978-1-4842-0635-5_9,Chapter
Mach,JavaScript Frameworks for Modern Web Dev,,,,10.1007/978-1-4842-0662-1_10,Tim AmblerNicholas Cloud,2015,https://link.springer.com/chapter/10.1007/978-1-4842-0662-1_10,Chapter
Authenticating Users with a Database,PHP Solutions,,,,10.1007/978-1-4842-0635-5_17,David Powers,2014,https://link.springer.com/chapter/10.1007/978-1-4842-0635-5_17,Chapter
Password Protection,PHP for Absolute Beginners,,,,10.1007/978-1-4302-6814-7_12,Thomas Blom HansenJason Lengstorf,2014,https://link.springer.com/chapter/10.1007/978-1-4302-6814-7_12,Chapter
Server-Side Scripting Languages,Encyclopedia of Social Network Analysis and Mining,,,,10.1007/978-1-4614-6170-8_363,Ludger Martin,2014,https://link.springer.com/rwe/10.1007/978-1-4614-6170-8_363,Reference work entry
"Security, Forms, and Error Handling",Expert PHP and MySQL,,,,10.1007/978-1-4302-6008-0_6,Marc Rochkind,2013,https://link.springer.com/chapter/10.1007/978-1-4302-6008-0_6,Chapter
Appendix,Practical PHP and MySQL Web Site Databases,,,,10.1007/978-1-4302-6077-6_13,Adrian W. West,2013,https://link.springer.com/chapter/10.1007/978-1-4302-6077-6_13,Chapter
User Input,PHP Quick Scripting Reference,,,,10.1007/978-1-4302-6284-8_23,Mikael Olsson,2013,https://link.springer.com/chapter/10.1007/978-1-4302-6284-8_23,Chapter
The Finishing Touches,Practical PHP and MySQL Web Site Databases,,,,10.1007/978-1-4302-6077-6_6,Adrian W. West,2013,https://link.springer.com/chapter/10.1007/978-1-4302-6077-6_6,Chapter
Create Web Pages That Interact with Users,Practical PHP and MySQL Web Site Databases,,,,10.1007/978-1-4302-6077-6_2,Adrian W. West,2013,https://link.springer.com/chapter/10.1007/978-1-4302-6077-6_2,Chapter
Enterprise Patterns,"PHP Objects, Patterns, and Practice",,,,10.1007/978-1-4302-6032-5_12,Matt Zandstra,2013,https://link.springer.com/chapter/10.1007/978-1-4302-6032-5_12,Chapter
Login/Logout for Members and an Administrator,Practical PHP and MySQL Web Site Databases,,,,10.1007/978-1-4302-6077-6_3,Adrian W. West,2013,https://link.springer.com/chapter/10.1007/978-1-4302-6077-6_3,Chapter
Display Membership Tables for the Administrator,Practical PHP and MySQL Web Site Databases,,,,10.1007/978-1-4302-6077-6_4,Adrian W. West,2013,https://link.springer.com/chapter/10.1007/978-1-4302-6077-6_4,Chapter
E-Commerce: A Brief Introduction,Practical PHP and MySQL Web Site Databases,,,,10.1007/978-1-4302-6077-6_11,Adrian W. West,2013,https://link.springer.com/chapter/10.1007/978-1-4302-6077-6_11,Chapter
Creating a Message Board,Practical PHP and MySQL Web Site Databases,,,,10.1007/978-1-4302-6077-6_10,Adrian W. West,2013,https://link.springer.com/chapter/10.1007/978-1-4302-6077-6_10,Chapter
Register Addresses and Phone Numbers,Practical PHP and MySQL Web Site Databases,,,,10.1007/978-1-4302-6077-6_5,Adrian W. West,2013,https://link.springer.com/chapter/10.1007/978-1-4302-6077-6_5,Chapter
Building the Back End: Part 1,Realtime Web Apps,,,,10.1007/978-1-4302-4621-3_8,Jason LengstorfPhil Leggetter,2013,https://link.springer.com/chapter/10.1007/978-1-4302-4621-3_8,Chapter
Reports and Other Outputs,Expert PHP and MySQL,,,,10.1007/978-1-4302-6008-0_7,Marc Rochkind,2013,https://link.springer.com/chapter/10.1007/978-1-4302-6008-0_7,Chapter
Migrating to a Host and Backing Up Your Web Site Database,Practical PHP and MySQL Web Site Databases,,,,10.1007/978-1-4302-6077-6_7,Adrian W. West,2013,https://link.springer.com/chapter/10.1007/978-1-4302-6077-6_7,Chapter
Application Structure,Expert PHP and MySQL,,,,10.1007/978-1-4302-6008-0_5,Marc Rochkind,2013,https://link.springer.com/chapter/10.1007/978-1-4302-6008-0_5,Chapter
Implementing Realtime Events and jQuery Effects,Realtime Web Apps,,,,10.1007/978-1-4302-4621-3_10,Jason LengstorfPhil Leggetter,2013,https://link.springer.com/chapter/10.1007/978-1-4302-4621-3_10,Chapter
Joomla Security Administration,Advanced Joomla!,,,,10.1007/978-1-4302-1629-2_7,Dan Rahmel,2013,https://link.springer.com/chapter/10.1007/978-1-4302-1629-2_7,Chapter
Registration and Login,Pro PHP MVC,,,,10.1007/978-1-4302-4165-2_14,Chris Pitt,2012,https://link.springer.com/chapter/10.1007/978-1-4302-4165-2_14,Chapter
PHP and MySQL,Pro Drupal 7 for Windows Developers,,,,10.1007/978-1-4302-3154-7_3,Brian Travis,2011,https://link.springer.com/chapter/10.1007/978-1-4302-3154-7_3,Chapter
Research on Audit System Based on PHP with Analysis of Scientific Materials,"Advances in Computer Science, Environment, Ecoinformatics, and Education",,,,10.1007/978-3-642-23357-9_57,Qingxiu WuJun OuLiang MaYun PeiMin Chen,2011,https://link.springer.com/chapter/10.1007/978-3-642-23357-9_57,Conference paper
Security,Pro PHP Programming,,,,10.1007/978-1-4302-3561-3_11,Peter MacIntyreBrian DanchillaMladen Gogala,2011,https://link.springer.com/chapter/10.1007/978-1-4302-3561-3_11,Chapter
Social Media,Pro PHP Programming,,,,10.1007/978-1-4302-3561-3_4,Peter MacIntyreBrian DanchillaMladen Gogala,2011,https://link.springer.com/chapter/10.1007/978-1-4302-3561-3_4,Chapter
JSON and Ajax,Pro PHP Programming,,,,10.1007/978-1-4302-3561-3_15,Peter MacIntyreBrian DanchillaMladen Gogala,2011,https://link.springer.com/chapter/10.1007/978-1-4302-3561-3_15,Chapter
Passing Information with PHP,PHP for Absolute Beginners,,,,10.1007/978-1-4302-2474-7_3,Jason Lengstorf,2010,https://link.springer.com/chapter/10.1007/978-1-4302-2474-7_3,Chapter
The Page Lifecycle,Pro Drupal 7 for Windows Developers,,,,10.1007/978-1-4302-3154-7_2,Brian Travis,2011,https://link.springer.com/chapter/10.1007/978-1-4302-3154-7_2,Chapter
PHP Basics,Beginning PHP and MySQL,,,,10.1007/978-1-4302-3115-8_3,,2010,https://link.springer.com/chapter/10.1007/978-1-4302-3115-8_3,Chapter
How to Write PHP Scripts,PHP Solutions,,,,10.1007/978-1-4302-3250-6_3,David Powers,2010,https://link.springer.com/chapter/10.1007/978-1-4302-3250-6_3,Chapter
Biting the Hand That Serves You: A Closer Look at Client-Side Flash Proxies for Cross-Domain Requests,"Detection of Intrusions and Malware, and Vulnerability Assessment",,,,10.1007/978-3-642-22424-9_6,Martin JohnsSebastian Lekies,2011,https://link.springer.com/chapter/10.1007/978-3-642-22424-9_6,Conference paper
Pages That Remember: Simple Login and Multipage Forms,PHP Solutions,,,,10.1007/978-1-4302-3250-6_9,David Powers,2010,https://link.springer.com/chapter/10.1007/978-1-4302-3250-6_9,Chapter
Enterprise Patterns,"PHP Objects, Patterns, and Practice",,,,10.1007/978-1-4302-2926-1_12,Matt Zandstra,2010,https://link.springer.com/chapter/10.1007/978-1-4302-2926-1_12,Chapter
Enforcing Security for Temporary Files,Pro PHP Security,,,,10.1007/978-1-4302-3319-0_6,Chris SnyderThomas MyerMichael Southwell,2010,https://link.springer.com/chapter/10.1007/978-1-4302-3319-0_6,Chapter
Preventing Data Loss,Pro PHP Security,,,,10.1007/978-1-4302-3319-0_11,Chris SnyderThomas MyerMichael Southwell,2010,https://link.springer.com/chapter/10.1007/978-1-4302-3319-0_11,Chapter
Finishing Touches,PHP for Absolute Beginners,,,,10.1007/978-1-4302-2474-7_12,Jason Lengstorf,2010,https://link.springer.com/chapter/10.1007/978-1-4302-2474-7_12,Chapter
Adding Password Protection to Administrative Links,PHP for Absolute Beginners,,,,10.1007/978-1-4302-2474-7_11,Jason Lengstorf,2010,https://link.springer.com/chapter/10.1007/978-1-4302-2474-7_11,Chapter
Sessions,Pro Drupal 7 Development,,,,10.1007/978-1-4302-2839-4_17,Todd TomlinsonJohn K. VanDyk,2010,https://link.springer.com/chapter/10.1007/978-1-4302-2839-4_17,Chapter
Password Protecting Sensitive Actions and Areas,Pro PHP and jQuery,,,,10.1007/978-1-4302-2848-6_6,Jason Lengstorf,2010,https://link.springer.com/chapter/10.1007/978-1-4302-2848-6_6,Chapter
"Add Controls to Create, Edit, and Delete Events",Pro PHP and jQuery,,,,10.1007/978-1-4302-2848-6_5,Jason Lengstorf,2010,https://link.springer.com/chapter/10.1007/978-1-4302-2848-6_5,Chapter
Session Handlers,Beginning PHP and MySQL,,,,10.1007/978-1-4302-3115-8_18,,2010,https://link.springer.com/chapter/10.1007/978-1-4302-3115-8_18,Chapter
Authenticating Users with a Database,PHP Solutions,,,,10.1007/978-1-4302-3250-6_17,David Powers,2010,https://link.springer.com/chapter/10.1007/978-1-4302-3250-6_17,Chapter
Using CAPTCHAs,Pro PHP Security,,,,10.1007/978-1-4302-3319-0_9,Chris SnyderThomas MyerMichael Southwell,2010,https://link.springer.com/chapter/10.1007/978-1-4302-3319-0_9,Chapter
"User Authentication, Authorization, and Logging",Pro PHP Security,,,,10.1007/978-1-4302-3319-0_10,Chris SnyderThomas MyerMichael Southwell,2010,https://link.springer.com/chapter/10.1007/978-1-4302-3319-0_10,Chapter
Working with Files,Pro Drupal 7 Development,,,,10.1007/978-1-4302-2839-4_14,Todd TomlinsonJohn K. VanDyk,2010,https://link.springer.com/chapter/10.1007/978-1-4302-2839-4_14,Chapter
Using PHP to Process a form,"The Essential Guide to Dreamweaver CS4 with CSS, Ajax, and PHP",,,,10.1007/978-1-4302-1611-7_11,,2009,https://link.springer.com/chapter/10.1007/978-1-4302-1611-7_11,Chapter
Validating Database Input and User Authentication,"The Essential Guide to Dreamweaver CS4 with CSS, Ajax, and PHP",,,,10.1007/978-1-4302-1611-7_15,,2009,https://link.springer.com/chapter/10.1007/978-1-4302-1611-7_15,Chapter
"Handling Checkbox Groups, Searches, and Dates","The Essential Guide to Dreamweaver CS4 with CSS, Ajax, and PHP",,,,10.1007/978-1-4302-1611-7_17,,2009,https://link.springer.com/chapter/10.1007/978-1-4302-1611-7_17,Chapter
"Database Communication, Manipulation, and Display",Beginning Zend Framework,,,,10.1007/978-1-4302-1826-5_5,,2009,https://link.springer.com/chapter/10.1007/978-1-4302-1826-5_5,Chapter
PHP Basics,Beginning PHP and MySQL,,,,10.1007/978-1-4302-0299-8_3,,2008,https://link.springer.com/chapter/10.1007/978-1-4302-0299-8_3,Chapter
Using Php filters to Validate User Input,PHP Object-Oriented Solutions,,,,10.1007/978-1-4302-1012-2_4,,2008,https://link.springer.com/chapter/10.1007/978-1-4302-1012-2_4,Chapter
Sessions,Pro Drupal Development,,,,10.1007/978-1-4302-0990-4_16,John K. VanDyk,2008,https://link.springer.com/chapter/10.1007/978-1-4302-0990-4_16,Chapter
Enterprise Patterns,"PHP Objects, Patterns, and Practice",,,,10.1007/978-1-4302-0467-1_12,,2008,https://link.springer.com/chapter/10.1007/978-1-4302-0467-1_12,Chapter
Building a Versatile Remote File Connector,PHP Object-Oriented Solutions,,,,10.1007/978-1-4302-1012-2_5,,2008,https://link.springer.com/chapter/10.1007/978-1-4302-1012-2_5,Chapter
Managing Customer Details,Beginning PHP and MySQL E-Commerce,,,,10.1007/978-1-4302-0291-2_16,,2008,https://link.springer.com/chapter/10.1007/978-1-4302-0291-2_16,Chapter
Catalog Administration: Products and Attributes,Beginning PHP and MySQL E-Commerce,,,,10.1007/978-1-4302-0291-2_11,,2008,https://link.springer.com/chapter/10.1007/978-1-4302-0291-2_11,Chapter
Session Handlers,Beginning PHP and MySQL,,,,10.1007/978-1-4302-0299-8_18,,2008,https://link.springer.com/chapter/10.1007/978-1-4302-0299-8_18,Chapter
Processing Credit Card Transactions,Beginning PHP and MySQL E-Commerce,,,,10.1007/978-1-4302-0291-2_20,,2008,https://link.springer.com/chapter/10.1007/978-1-4302-0291-2_20,Chapter
Catalog Administration: Departments and Categories,Beginning PHP and MySQL E-Commerce,,,,10.1007/978-1-4302-0291-2_10,,2008,https://link.springer.com/chapter/10.1007/978-1-4302-0291-2_10,Chapter
Creating Your Own Shopping Cart,Beginning PHP and MySQL E-Commerce,,,,10.1007/978-1-4302-0291-2_12,,2008,https://link.springer.com/chapter/10.1007/978-1-4302-0291-2_12,Chapter
Creating the Product Catalog: Part 2,Beginning PHP and MySQL E-Commerce,,,,10.1007/978-1-4302-0291-2_5,,2008,https://link.springer.com/chapter/10.1007/978-1-4302-0291-2_5,Chapter
Accepting Customer Orders,Beginning PHP and MySQL E-Commerce,,,,10.1007/978-1-4302-0291-2_14,,2008,https://link.springer.com/chapter/10.1007/978-1-4302-0291-2_14,Chapter
Using Amazon.com Web Services,Beginning PHP and MySQL E-Commerce,,,,10.1007/978-1-4302-0291-2_22,,2008,https://link.springer.com/chapter/10.1007/978-1-4302-0291-2_22,Chapter
Advanced Zend Framework,Pro PHP,,,,10.1007/978-1-4302-0279-0_16,,2008,https://link.springer.com/chapter/10.1007/978-1-4302-0279-0_16,Chapter
Installation Profiles,Pro Drupal Development,,,,10.1007/978-1-4302-0990-4_23,John K. VanDyk,2008,https://link.springer.com/chapter/10.1007/978-1-4302-0990-4_23,Chapter
"User Authentication, Authorization, and Management",Practical Web 2.0 Applications with PHP,,,,10.1007/978-1-4302-0475-6_3,,2008,https://link.springer.com/chapter/10.1007/978-1-4302-0475-6_3,Chapter
"User Registration, Login, and Logout",Practical Web 2.0 Applications with PHP,,,,10.1007/978-1-4302-0475-6_4,,2008,https://link.springer.com/chapter/10.1007/978-1-4302-0475-6_4,Chapter
Development Best Practices,Pro Drupal Development,,,,10.1007/978-1-4302-0990-4_21,John K. VanDyk,2008,https://link.springer.com/chapter/10.1007/978-1-4302-0990-4_21,Chapter
Introducing Activerecord,Foundation Rails 2,,,,10.1007/978-1-4302-1040-5_4,,2008,https://link.springer.com/chapter/10.1007/978-1-4302-1040-5_4,Chapter
PHP Basics,Beginning PHP and Oracle,,,,10.1007/978-1-4302-0367-4_3,,2007,https://link.springer.com/chapter/10.1007/978-1-4302-0367-4_3,Chapter
Using PHP to Process a Form,"The Essential Guide to Dreamweaver CS3 with CSS, Ajax, and PHP",,,,10.1007/978-1-4302-0288-2_11,,2007,https://link.springer.com/chapter/10.1007/978-1-4302-0288-2_11,Chapter
Sessions,Pro Drupal Development,,,,10.1007/978-1-4302-0190-8_16,,2007,https://link.springer.com/chapter/10.1007/978-1-4302-0190-8_16,Chapter
Controlling Access to Your Site,"The Essential Guide to Dreamweaver CS3 with CSS, Ajax, and PHP",,,,10.1007/978-1-4302-0288-2_15,,2007,https://link.springer.com/chapter/10.1007/978-1-4302-0288-2_15,Chapter
Session Handlers,Beginning PHP and Oracle,,,,10.1007/978-1-4302-0367-4_18,,2007,https://link.springer.com/chapter/10.1007/978-1-4302-0367-4_18,Chapter
Security,Beginning Ajax with PHP,,,,10.1007/978-1-4302-0253-0_12,,2007,https://link.springer.com/chapter/10.1007/978-1-4302-0253-0_12,Chapter
Development Best Practices,Pro Drupal Development,,,,10.1007/978-1-4302-0190-8_21,,2007,https://link.springer.com/chapter/10.1007/978-1-4302-0190-8_21,Chapter
Vulnerability Analysis of Web-based Applications,Test and Analysis of Web Services,,,,10.1007/978-3-540-72912-9_13,Marco CovaViktoria FelmetsgerGiovanni Vigna,2007,https://link.springer.com/chapter/10.1007/978-3-540-72912-9_13,Chapter
The Form API,Pro Drupal Development,,,,10.1007/978-1-4302-0190-8_10,,2007,https://link.springer.com/chapter/10.1007/978-1-4302-0190-8_10,Chapter
PHP Basics,Beginning PHP and PostgreSQL 8,,,,10.1007/978-1-4302-0136-6_3,,2006,https://link.springer.com/chapter/10.1007/978-1-4302-0136-6_3,Chapter
PHP Basics,Beginning PHP and MySQL 5,,,,10.1007/978-1-4302-0117-5_3,,2006,https://link.springer.com/chapter/10.1007/978-1-4302-0117-5_3,Chapter
How to Write PHP Scripts,PHP Solutions: Dynamic Web Design Made Easy,,,,10.1007/978-1-4302-0275-2_3,,2006,https://link.springer.com/chapter/10.1007/978-1-4302-0275-2_3,Chapter
Pages that Remember: Simple Login and Multipage Forms,PHP Solutions: Dynamic Web Design Made Easy,,,,10.1007/978-1-4302-0275-2_9,,2006,https://link.springer.com/chapter/10.1007/978-1-4302-0275-2_9,Chapter
PHP’s mysqli Extension,Beginning PHP and MySQL 5,,,,10.1007/978-1-4302-0117-5_30,,2006,https://link.springer.com/chapter/10.1007/978-1-4302-0117-5_30,Chapter
Document Object Model (DOM),Pro PHP XML and Web Services,,,,10.1007/978-1-4302-0139-7_6,Robert Richards,2006,https://link.springer.com/chapter/10.1007/978-1-4302-0139-7_6,Chapter
Keeping Intruders at Bay,PHP Solutions: Dynamic Web Design Made Easy,,,,10.1007/978-1-4302-0275-2_15,,2006,https://link.springer.com/chapter/10.1007/978-1-4302-0275-2_15,Chapter
Using Sessions to Track Visitors and Restrict Access,Foundation PHP For Dreamweaver 8,,,,10.1007/978-1-4302-0101-4_10,,2006,https://link.springer.com/chapter/10.1007/978-1-4302-0101-4_10,Chapter
Session Handlers,Beginning PHP and PostgreSQL 8,,,,10.1007/978-1-4302-0136-6_18,,2006,https://link.springer.com/chapter/10.1007/978-1-4302-0136-6_18,Chapter
Session Handlers,Beginning PHP and MySQL 5,,,,10.1007/978-1-4302-0117-5_18,,2006,https://link.springer.com/chapter/10.1007/978-1-4302-0117-5_18,Chapter
Overview of PHP Data Types and Concepts,PHP 5 Recipes,,,,10.1007/978-1-4302-0070-3_1,,2005,https://link.springer.com/chapter/10.1007/978-1-4302-0070-3_1,Chapter
Protecting Your Data with Sessions,Foundation PHP 5 for Flash,,,,10.1007/978-1-4302-0013-0_9,,2005,https://link.springer.com/chapter/10.1007/978-1-4302-0013-0_9,Chapter
Understanding Web Basics,PHP 5 Recipes,,,,10.1007/978-1-4302-0070-3_12,,2005,https://link.springer.com/chapter/10.1007/978-1-4302-0070-3_12,Chapter
Working with Variables,PHP 5 Recipes,,,,10.1007/978-1-4302-0070-3_10,,2005,https://link.springer.com/chapter/10.1007/978-1-4302-0070-3_10,Chapter
Creating and Using Forms,PHP 5 Recipes,,,,10.1007/978-1-4302-0070-3_13,,2005,https://link.springer.com/chapter/10.1007/978-1-4302-0070-3_13,Chapter
Keeping Control with a Content Management System,Foundation PHP 5 for Flash,,,,10.1007/978-1-4302-0013-0_10,,2005,https://link.springer.com/chapter/10.1007/978-1-4302-0013-0_10,Chapter
Working Smarter with Arrays and Loops,Foundation PHP 5 for Flash,,,,10.1007/978-1-4302-0013-0_5,,2005,https://link.springer.com/chapter/10.1007/978-1-4302-0013-0_5,Chapter
PHP: Discussion Forum,The Definitive Guide to MySQL,,,,10.1007/978-1-4302-0669-9_13,Michael Kofler,2004,https://link.springer.com/chapter/10.1007/978-1-4302-0669-9_13,Chapter
Predefined PHP Variables,PHP and MySQL Manual,,,,10.1007/978-0-85729-404-3_9,Simon StobartMike Vassileiou,2004,https://link.springer.com/chapter/10.1007/978-0-85729-404-3_9,Chapter
PHP: Fundamentals and Programming Techniques,The Definitive Guide to MySQL,,,,10.1007/978-1-4302-0669-9_11,Michael Kofler,2004,https://link.springer.com/chapter/10.1007/978-1-4302-0669-9_11,Chapter
Session Management,PHP and MySQL Manual,,,,10.1007/978-0-85729-404-3_23,Simon StobartMike Vassileiou,2004,https://link.springer.com/chapter/10.1007/978-0-85729-404-3_23,Chapter
Templating with Smarty,"Essential PHP Tools: Modules, Extensions, and Accelerators",,,,10.1007/978-1-4302-0714-6_4,David Sklar,2004,https://link.springer.com/chapter/10.1007/978-1-4302-0714-6_4,Chapter
Accelerating with Code Caches,"Essential PHP Tools: Modules, Extensions, and Accelerators",,,,10.1007/978-1-4302-0714-6_13,David Sklar,2004,https://link.springer.com/chapter/10.1007/978-1-4302-0714-6_13,Chapter
Debugging and Error Handling,PHP Web Development with Macromedia Dreamweaver MX 2004,,,,10.1007/978-1-4302-0701-6_8,Allan KentDavid PowersRachel Andrew,2004,https://link.springer.com/chapter/10.1007/978-1-4302-0701-6_8,Chapter
Enterprise Patterns,"PHP 5 Objects, Patterns, and Practice",,,,10.1007/978-1-4302-0403-9_12,Matt Zandstra,2004,https://link.springer.com/chapter/10.1007/978-1-4302-0403-9_12,Chapter
Case Study: Roundtree Garden Club,PHP Web Development with Macromedia Dreamweaver MX 2004,,,,10.1007/978-1-4302-0701-6_9,Allan KentDavid PowersRachel Andrew,2004,https://link.springer.com/chapter/10.1007/978-1-4302-0701-6_9,Chapter
News Portal,Dreamweaver MX 2004 Design Projects,,,,10.1007/978-1-4302-5432-4_2,Rachel AndrewCraig GrannellAllan KentChristopher Schmitt,2004,https://link.springer.com/chapter/10.1007/978-1-4302-5432-4_2,Chapter
Top PHP Questions,Dreamweaver Developer’s Instant Troubleshooter,,,,10.1007/978-1-4302-0806-8_12,Gareth Downes-Powell,2003,https://link.springer.com/chapter/10.1007/978-1-4302-0806-8_12,Chapter
Secure Login and Registration,Foundation Dreamweaver MX,,,,10.1007/978-1-4302-5213-9_13,Craig GrannellTodd MarksGeorge McLachlanMatt StephensJerome Turner,2002,https://link.springer.com/chapter/10.1007/978-1-4302-5213-9_13,Chapter